[{"model": "admin.logentry", "pk": 1, "fields": {"action_time": "2023-08-07T20:49:14.691Z", "user": 1, "content_type": 6, "object_id": "2", "object_repr": "bilalnaseemshah852@gmail.com", "action_flag": 3, "change_message": ""}}, {"model": "admin.logentry", "pk": 2, "fields": {"action_time": "2023-08-07T21:06:47.069Z", "user": 1, "content_type": 6, "object_id": "3", "object_repr": "bilalnaseemshah852@gmail.com", "action_flag": 3, "change_message": ""}}, {"model": "admin.logentry", "pk": 3, "fields": {"action_time": "2023-08-07T21:24:10.512Z", "user": 1, "content_type": 6, "object_id": "4", "object_repr": "top10list145@gmail.com", "action_flag": 3, "change_message": ""}}, {"model": "admin.logentry", "pk": 4, "fields": {"action_time": "2023-08-07T21:25:34.368Z", "user": 1, "content_type": 6, "object_id": "5", "object_repr": "bilalnaseemshah852@gmail.com", "action_flag": 3, "change_message": ""}}, {"model": "admin.logentry", "pk": 5, "fields": {"action_time": "2023-08-07T21:28:47.635Z", "user": 1, "content_type": 6, "object_id": "6", "object_repr": "hbilalshah333@gmail.com", "action_flag": 3, "change_message": ""}}, {"model": "admin.logentry", "pk": 6, "fields": {"action_time": "2023-08-07T22:30:45.465Z", "user": 1, "content_type": 6, "object_id": "7", "object_repr": "top10list145@gmail.com", "action_flag": 3, "change_message": ""}}, {"model": "admin.logentry", "pk": 7, "fields": {"action_time": "2023-08-07T22:40:32.865Z", "user": 1, "content_type": 6, "object_id": "8", "object_repr": "hbilalshah333@gmail.com", "action_flag": 3, "change_message": ""}}, {"model": "admin.logentry", "pk": 8, "fields": {"action_time": "2023-08-07T23:47:05.196Z", "user": 1, "content_type": 8, "object_id": "1", "object_repr": "Yasir Tikka", "action_flag": 2, "change_message": "[{\"changed\": {\"fields\": [\"Is approved\"]}}]"}}, {"model": "admin.logentry", "pk": 41, "fields": {"action_time": "2023-08-11T13:47:16.114Z", "user": 1, "content_type": 8, "object_id": "1", "object_repr": "Yasir Tikka", "action_flag": 2, "change_message": "[{\"changed\": {\"fields\": [\"Vendor slug\"]}}]"}}, {"model": "admin.logentry", "pk": 42, "fields": {"action_time": "2023-08-11T13:47:24.883Z", "user": 1, "content_type": 8, "object_id": "1", "object_repr": "Yasir Tikka", "action_flag": 2, "change_message": "[]"}}, {"model": "admin.logentry", "pk": 43, "fields": {"action_time": "2023-08-11T13:48:09.424Z", "user": 1, "content_type": 6, "object_id": "9", "object_repr": "top10list145@gmail.com", "action_flag": 2, "change_message": "[{\"changed\": {\"fields\": [\"Role\"]}}]"}}, {"model": "admin.logentry", "pk": 44, "fields": {"action_time": "2023-08-11T15:49:39.288Z", "user": 1, "content_type": 6, "object_id": "9", "object_repr": "top10list145@gmail.com", "action_flag": 3, "change_message": ""}}, {"model": "admin.logentry", "pk": 45, "fields": {"action_time": "2023-08-11T15:52:16.894Z", "user": 1, "content_type": 6, "object_id": "11", "object_repr": "top10list145@gmail.com", "action_flag": 3, "change_message": ""}}, {"model": "admin.logentry", "pk": 46, "fields": {"action_time": "2023-08-12T19:07:09.679Z", "user": 1, "content_type": 6, "object_id": "12", "object_repr": "top10list145@gmail.com", "action_flag": 3, "change_message": ""}}, {"model": "admin.logentry", "pk": 47, "fields": {"action_time": "2023-08-12T19:55:57.336Z", "user": 1, "content_type": 6, "object_id": "13", "object_repr": "secondrestaurant@gmail.com", "action_flag": 2, "change_message": "[{\"changed\": {\"fields\": [\"Is active\"]}}]"}}, {"model": "admin.logentry", "pk": 48, "fields": {"action_time": "2023-08-12T19:56:13.181Z", "user": 1, "content_type": 8, "object_id": "3", "object_repr": "Second Restaurant", "action_flag": 2, "change_message": "[{\"changed\": {\"fields\": [\"Is approved\"]}}]"}}, {"model": "admin.logentry", "pk": 49, "fields": {"action_time": "2023-08-12T19:59:09.580Z", "user": 1, "content_type": 6, "object_id": "14", "object_repr": "thirdrestaurant@gmail.com", "action_flag": 2, "change_message": "[{\"changed\": {\"fields\": [\"Is active\"]}}]"}}, {"model": "admin.logentry", "pk": 50, "fields": {"action_time": "2023-08-12T19:59:21.855Z", "user": 1, "content_type": 8, "object_id": "4", "object_repr": "Third Restaurant", "action_flag": 2, "change_message": "[{\"changed\": {\"fields\": [\"Is approved\"]}}]"}}, {"model": "admin.logentry", "pk": 51, "fields": {"action_time": "2023-08-12T20:01:50.919Z", "user": 1, "content_type": 6, "object_id": "15", "object_repr": "fourthrestaurant@gmail.com", "action_flag": 2, "change_message": "[{\"changed\": {\"fields\": [\"Is active\"]}}]"}}, {"model": "admin.logentry", "pk": 52, "fields": {"action_time": "2023-08-12T20:02:00.850Z", "user": 1, "content_type": 8, "object_id": "5", "object_repr": "Fourth Restaurant", "action_flag": 2, "change_message": "[{\"changed\": {\"fields\": [\"Is approved\"]}}]"}}, {"model": "admin.logentry", "pk": 53, "fields": {"action_time": "2023-08-12T20:03:55.203Z", "user": 1, "content_type": 8, "object_id": "6", "object_repr": "Fifth Restaurant", "action_flag": 2, "change_message": "[{\"changed\": {\"fields\": [\"Is approved\"]}}]"}}, {"model": "admin.logentry", "pk": 54, "fields": {"action_time": "2023-08-12T20:04:06.475Z", "user": 1, "content_type": 6, "object_id": "16", "object_repr": "fifthrestaurant@gmail.com", "action_flag": 2, "change_message": "[{\"changed\": {\"fields\": [\"Is active\"]}}]"}}, {"model": "admin.logentry", "pk": 55, "fields": {"action_time": "2023-08-12T21:21:55.750Z", "user": 1, "content_type": 8, "object_id": "6", "object_repr": "Fifth Restaurant", "action_flag": 2, "change_message": "[{\"changed\": {\"fields\": [\"Vendor license\"]}}]"}}, {"model": "admin.logentry", "pk": 56, "fields": {"action_time": "2023-08-12T21:28:24.410Z", "user": 1, "content_type": 6, "object_id": "16", "object_repr": "fifthrestaurant@gmail.com", "action_flag": 2, "change_message": "[]"}}, {"model": "admin.logentry", "pk": 57, "fields": {"action_time": "2023-08-12T21:33:21.290Z", "user": 1, "content_type": 6, "object_id": "16", "object_repr": "fifthrestaurant@gmail.com", "action_flag": 3, "change_message": ""}}, {"model": "admin.logentry", "pk": 58, "fields": {"action_time": "2023-08-13T00:12:01.381Z", "user": 1, "content_type": 7, "object_id": "15", "object_repr": "fourthrestaurant@gmail.com", "action_flag": 2, "change_message": "[]"}}, {"model": "admin.logentry", "pk": 59, "fields": {"action_time": "2023-08-13T00:13:56.071Z", "user": 1, "content_type": 7, "object_id": "14", "object_repr": "thirdrestaurant@gmail.com", "action_flag": 2, "change_message": "[]"}}, {"model": "admin.logentry", "pk": 60, "fields": {"action_time": "2023-08-13T00:14:02.749Z", "user": 1, "content_type": 7, "object_id": "13", "object_repr": "secondrestaurant@gmail.com", "action_flag": 2, "change_message": "[]"}}, {"model": "admin.logentry", "pk": 61, "fields": {"action_time": "2023-08-13T00:14:13.264Z", "user": 1, "content_type": 7, "object_id": "10", "object_repr": "academyedutree7@gmail.com", "action_flag": 2, "change_message": "[]"}}, {"model": "admin.logentry", "pk": 62, "fields": {"action_time": "2023-08-13T23:48:35.507Z", "user": 1, "content_type": 13, "object_id": "1", "object_repr": "CGST", "action_flag": 1, "change_message": "[{\"added\": {}}]"}}, {"model": "admin.logentry", "pk": 63, "fields": {"action_time": "2023-08-13T23:49:00.573Z", "user": 1, "content_type": 13, "object_id": "2", "object_repr": "SGST", "action_flag": 1, "change_message": "[{\"added\": {}}]"}}, {"model": "admin.logentry", "pk": 64, "fields": {"action_time": "2023-08-14T16:33:19.255Z", "user": 1, "content_type": 6, "object_id": "17", "object_repr": "customer1@gmail.com", "action_flag": 2, "change_message": "[{\"changed\": {\"fields\": [\"Is active\"]}}]"}}, {"model": "admin.logentry", "pk": 65, "fields": {"action_time": "2023-08-16T22:38:31.880Z", "user": 1, "content_type": 14, "object_id": "9", "object_repr": "202308161933289", "action_flag": 3, "change_message": ""}}, {"model": "admin.logentry", "pk": 66, "fields": {"action_time": "2023-08-16T22:38:31.898Z", "user": 1, "content_type": 14, "object_id": "8", "object_repr": "202308160537158", "action_flag": 3, "change_message": ""}}, {"model": "admin.logentry", "pk": 67, "fields": {"action_time": "2023-08-16T22:38:31.900Z", "user": 1, "content_type": 14, "object_id": "7", "object_repr": "202308160143217", "action_flag": 3, "change_message": ""}}, {"model": "admin.logentry", "pk": 68, "fields": {"action_time": "2023-08-16T22:38:31.902Z", "user": 1, "content_type": 14, "object_id": "6", "object_repr": "202308160143146", "action_flag": 3, "change_message": ""}}, {"model": "admin.logentry", "pk": 69, "fields": {"action_time": "2023-08-16T22:38:31.904Z", "user": 1, "content_type": 14, "object_id": "5", "object_repr": "202308160141585", "action_flag": 3, "change_message": ""}}, {"model": "admin.logentry", "pk": 70, "fields": {"action_time": "2023-08-16T22:38:31.906Z", "user": 1, "content_type": 14, "object_id": "4", "object_repr": "202308160135494", "action_flag": 3, "change_message": ""}}, {"model": "admin.logentry", "pk": 71, "fields": {"action_time": "2023-08-16T22:38:31.907Z", "user": 1, "content_type": 14, "object_id": "3", "object_repr": "202308160126543", "action_flag": 3, "change_message": ""}}, {"model": "admin.logentry", "pk": 72, "fields": {"action_time": "2023-08-16T22:38:31.910Z", "user": 1, "content_type": 14, "object_id": "2", "object_repr": "202308160124582", "action_flag": 3, "change_message": ""}}, {"model": "admin.logentry", "pk": 73, "fields": {"action_time": "2023-08-16T22:38:31.912Z", "user": 1, "content_type": 14, "object_id": "1", "object_repr": "202308160123061", "action_flag": 3, "change_message": ""}}, {"model": "admin.logentry", "pk": 74, "fields": {"action_time": "2023-08-16T22:38:45.448Z", "user": 1, "content_type": 16, "object_id": "2", "object_repr": "5VD12177VX402561R", "action_flag": 3, "change_message": ""}}, {"model": "admin.logentry", "pk": 75, "fields": {"action_time": "2023-08-16T22:38:45.452Z", "user": 1, "content_type": 16, "object_id": "1", "object_repr": "9F610459XF636224V", "action_flag": 3, "change_message": ""}}, {"model": "auth.permission", "pk": 1, "fields": {"name": "Can add log entry", "content_type": 1, "codename": "add_logentry"}}, {"model": "auth.permission", "pk": 2, "fields": {"name": "Can change log entry", "content_type": 1, "codename": "change_logentry"}}, {"model": "auth.permission", "pk": 3, "fields": {"name": "Can delete log entry", "content_type": 1, "codename": "delete_logentry"}}, {"model": "auth.permission", "pk": 4, "fields": {"name": "Can view log entry", "content_type": 1, "codename": "view_logentry"}}, {"model": "auth.permission", "pk": 5, "fields": {"name": "Can add permission", "content_type": 2, "codename": "add_permission"}}, {"model": "auth.permission", "pk": 6, "fields": {"name": "Can change permission", "content_type": 2, "codename": "change_permission"}}, {"model": "auth.permission", "pk": 7, "fields": {"name": "Can delete permission", "content_type": 2, "codename": "delete_permission"}}, {"model": "auth.permission", "pk": 8, "fields": {"name": "Can view permission", "content_type": 2, "codename": "view_permission"}}, {"model": "auth.permission", "pk": 9, "fields": {"name": "Can add group", "content_type": 3, "codename": "add_group"}}, {"model": "auth.permission", "pk": 10, "fields": {"name": "Can change group", "content_type": 3, "codename": "change_group"}}, {"model": "auth.permission", "pk": 11, "fields": {"name": "Can delete group", "content_type": 3, "codename": "delete_group"}}, {"model": "auth.permission", "pk": 12, "fields": {"name": "Can view group", "content_type": 3, "codename": "view_group"}}, {"model": "auth.permission", "pk": 13, "fields": {"name": "Can add content type", "content_type": 4, "codename": "add_contenttype"}}, {"model": "auth.permission", "pk": 14, "fields": {"name": "Can change content type", "content_type": 4, "codename": "change_contenttype"}}, {"model": "auth.permission", "pk": 15, "fields": {"name": "Can delete content type", "content_type": 4, "codename": "delete_contenttype"}}, {"model": "auth.permission", "pk": 16, "fields": {"name": "Can view content type", "content_type": 4, "codename": "view_contenttype"}}, {"model": "auth.permission", "pk": 17, "fields": {"name": "Can add session", "content_type": 5, "codename": "add_session"}}, {"model": "auth.permission", "pk": 18, "fields": {"name": "Can change session", "content_type": 5, "codename": "change_session"}}, {"model": "auth.permission", "pk": 19, "fields": {"name": "Can delete session", "content_type": 5, "codename": "delete_session"}}, {"model": "auth.permission", "pk": 20, "fields": {"name": "Can view session", "content_type": 5, "codename": "view_session"}}, {"model": "auth.permission", "pk": 21, "fields": {"name": "Can add user", "content_type": 6, "codename": "add_user"}}, {"model": "auth.permission", "pk": 22, "fields": {"name": "Can change user", "content_type": 6, "codename": "change_user"}}, {"model": "auth.permission", "pk": 23, "fields": {"name": "Can delete user", "content_type": 6, "codename": "delete_user"}}, {"model": "auth.permission", "pk": 24, "fields": {"name": "Can view user", "content_type": 6, "codename": "view_user"}}, {"model": "auth.permission", "pk": 25, "fields": {"name": "Can add user profile", "content_type": 7, "codename": "add_userprofile"}}, {"model": "auth.permission", "pk": 26, "fields": {"name": "Can change user profile", "content_type": 7, "codename": "change_userprofile"}}, {"model": "auth.permission", "pk": 27, "fields": {"name": "Can delete user profile", "content_type": 7, "codename": "delete_userprofile"}}, {"model": "auth.permission", "pk": 28, "fields": {"name": "Can view user profile", "content_type": 7, "codename": "view_userprofile"}}, {"model": "auth.permission", "pk": 29, "fields": {"name": "Can add vendor", "content_type": 8, "codename": "add_vendor"}}, {"model": "auth.permission", "pk": 30, "fields": {"name": "Can change vendor", "content_type": 8, "codename": "change_vendor"}}, {"model": "auth.permission", "pk": 31, "fields": {"name": "Can delete vendor", "content_type": 8, "codename": "delete_vendor"}}, {"model": "auth.permission", "pk": 32, "fields": {"name": "Can view vendor", "content_type": 8, "codename": "view_vendor"}}, {"model": "auth.permission", "pk": 33, "fields": {"name": "Can add category", "content_type": 9, "codename": "add_category"}}, {"model": "auth.permission", "pk": 34, "fields": {"name": "Can change category", "content_type": 9, "codename": "change_category"}}, {"model": "auth.permission", "pk": 35, "fields": {"name": "Can delete category", "content_type": 9, "codename": "delete_category"}}, {"model": "auth.permission", "pk": 36, "fields": {"name": "Can view category", "content_type": 9, "codename": "view_category"}}, {"model": "auth.permission", "pk": 37, "fields": {"name": "Can add food item", "content_type": 10, "codename": "add_fooditem"}}, {"model": "auth.permission", "pk": 38, "fields": {"name": "Can change food item", "content_type": 10, "codename": "change_fooditem"}}, {"model": "auth.permission", "pk": 39, "fields": {"name": "Can delete food item", "content_type": 10, "codename": "delete_fooditem"}}, {"model": "auth.permission", "pk": 40, "fields": {"name": "Can view food item", "content_type": 10, "codename": "view_fooditem"}}, {"model": "auth.permission", "pk": 41, "fields": {"name": "Can add cart", "content_type": 11, "codename": "add_cart"}}, {"model": "auth.permission", "pk": 42, "fields": {"name": "Can change cart", "content_type": 11, "codename": "change_cart"}}, {"model": "auth.permission", "pk": 43, "fields": {"name": "Can delete cart", "content_type": 11, "codename": "delete_cart"}}, {"model": "auth.permission", "pk": 44, "fields": {"name": "Can view cart", "content_type": 11, "codename": "view_cart"}}, {"model": "auth.permission", "pk": 45, "fields": {"name": "Can add opening hour", "content_type": 12, "codename": "add_openinghour"}}, {"model": "auth.permission", "pk": 46, "fields": {"name": "Can change opening hour", "content_type": 12, "codename": "change_openinghour"}}, {"model": "auth.permission", "pk": 47, "fields": {"name": "Can delete opening hour", "content_type": 12, "codename": "delete_openinghour"}}, {"model": "auth.permission", "pk": 48, "fields": {"name": "Can view opening hour", "content_type": 12, "codename": "view_openinghour"}}, {"model": "auth.permission", "pk": 49, "fields": {"name": "Can add tax", "content_type": 13, "codename": "add_tax"}}, {"model": "auth.permission", "pk": 50, "fields": {"name": "Can change tax", "content_type": 13, "codename": "change_tax"}}, {"model": "auth.permission", "pk": 51, "fields": {"name": "Can delete tax", "content_type": 13, "codename": "delete_tax"}}, {"model": "auth.permission", "pk": 52, "fields": {"name": "Can view tax", "content_type": 13, "codename": "view_tax"}}, {"model": "auth.permission", "pk": 53, "fields": {"name": "Can add order", "content_type": 14, "codename": "add_order"}}, {"model": "auth.permission", "pk": 54, "fields": {"name": "Can change order", "content_type": 14, "codename": "change_order"}}, {"model": "auth.permission", "pk": 55, "fields": {"name": "Can delete order", "content_type": 14, "codename": "delete_order"}}, {"model": "auth.permission", "pk": 56, "fields": {"name": "Can view order", "content_type": 14, "codename": "view_order"}}, {"model": "auth.permission", "pk": 57, "fields": {"name": "Can add ordered food", "content_type": 15, "codename": "add_orderedfood"}}, {"model": "auth.permission", "pk": 58, "fields": {"name": "Can change ordered food", "content_type": 15, "codename": "change_orderedfood"}}, {"model": "auth.permission", "pk": 59, "fields": {"name": "Can delete ordered food", "content_type": 15, "codename": "delete_orderedfood"}}, {"model": "auth.permission", "pk": 60, "fields": {"name": "Can view ordered food", "content_type": 15, "codename": "view_orderedfood"}}, {"model": "auth.permission", "pk": 61, "fields": {"name": "Can add payment", "content_type": 16, "codename": "add_payment"}}, {"model": "auth.permission", "pk": 62, "fields": {"name": "Can change payment", "content_type": 16, "codename": "change_payment"}}, {"model": "auth.permission", "pk": 63, "fields": {"name": "Can delete payment", "content_type": 16, "codename": "delete_payment"}}, {"model": "auth.permission", "pk": 64, "fields": {"name": "Can view payment", "content_type": 16, "codename": "view_payment"}}, {"model": "contenttypes.contenttype", "pk": 1, "fields": {"app_label": "admin", "model": "logentry"}}, {"model": "contenttypes.contenttype", "pk": 2, "fields": {"app_label": "auth", "model": "permission"}}, {"model": "contenttypes.contenttype", "pk": 3, "fields": {"app_label": "auth", "model": "group"}}, {"model": "contenttypes.contenttype", "pk": 4, "fields": {"app_label": "contenttypes", "model": "contenttype"}}, {"model": "contenttypes.contenttype", "pk": 5, "fields": {"app_label": "sessions", "model": "session"}}, {"model": "contenttypes.contenttype", "pk": 6, "fields": {"app_label": "accounts", "model": "user"}}, {"model": "contenttypes.contenttype", "pk": 7, "fields": {"app_label": "accounts", "model": "userprofile"}}, {"model": "contenttypes.contenttype", "pk": 8, "fields": {"app_label": "vendor", "model": "vendor"}}, {"model": "contenttypes.contenttype", "pk": 9, "fields": {"app_label": "menu", "model": "category"}}, {"model": "contenttypes.contenttype", "pk": 10, "fields": {"app_label": "menu", "model": "fooditem"}}, {"model": "contenttypes.contenttype", "pk": 11, "fields": {"app_label": "marketplace", "model": "cart"}}, {"model": "contenttypes.contenttype", "pk": 12, "fields": {"app_label": "vendor", "model": "openinghour"}}, {"model": "contenttypes.contenttype", "pk": 13, "fields": {"app_label": "marketplace", "model": "tax"}}, {"model": "contenttypes.contenttype", "pk": 14, "fields": {"app_label": "orders", "model": "order"}}, {"model": "contenttypes.contenttype", "pk": 15, "fields": {"app_label": "orders", "model": "orderedfood"}}, {"model": "contenttypes.contenttype", "pk": 16, "fields": {"app_label": "orders", "model": "payment"}}, {"model": "sessions.session", "pk": "0154xvf3601v42dty86gkixgcdqrv4i6", "fields": {"session_data": ".eJxVjDsOwjAQBe_iGlk2u8gxJT1niPZnEkCOFCcV4u4QKQW0b2bey_W0LkO_Npv7Ud3ZRXf43ZjkYXUDeqd6m7xMdZlH9pvid9r8dVJ7Xnb372CgNmy1WiwBGZNiiGyY2RKWgsBGHUqUDHQ8acZOgwAIJJIOvjwHjlnd-wMB_jhb:1qT7Ql:yI4APYWdOWqadhW1cYANXa3Xj-Z-U7xbGJoeMrEG30E", "expire_date": "2023-08-21T21:06:23.801Z"}}, {"model": "sessions.session", "pk": "g2u6xr4qfocn9opbkbisvjk2sf5us0po", "fields": {"session_data": "eyJsYXQiOiIzMy42MTc3NzA1IiwibG5nIjoiNzMuMDA1MDk0In0:1qV9tW:1MeETRaY_CW-F5417JpyfXFGg7sZ_lWldoEtJTycjEo", "expire_date": "2023-08-27T12:08:30.882Z"}}, {"model": "sessions.session", "pk": "u6rkppy4kdzgzbn11bgg0po36rz3s8c0", "fields": {"session_data": "eyJsYXQiOiIxOS4wNzEzOTQ5IiwibG5nIjoiNzIuOTk4NDEyNiJ9:1qV9ct:qMJoviFHiUKcIBuURDGk2ILBcgfEF8SXySQwTsY6RDk", "expire_date": "2023-08-27T11:51:19.678Z"}}, {"model": "accounts.user", "pk": 1, "fields": {"password": "pbkdf2_sha256$390000$NUMFZcTiGTqVwy7xklDj18$6NhNGZa0uaawPt8Gbg5Q8MVRa/uBIZaOHRlHRAw/qig=", "first_name": "admin", "last_name": "admin", "username": "admin", "email": "admin@gmail.com", "phone_number": "", "role": null, "date_joined": "2023-08-07T20:18:00.604Z", "last_login": "2023-08-07T21:06:23.786Z", "created_date": "2023-08-07T20:18:00.604Z", "modified_date": "2023-08-07T20:18:00.609Z", "is_admin": true, "is_staff": true, "is_active": true, "is_superadmin": true}}, {"model": "accounts.user", "pk": 10, "fields": {"password": "pbkdf2_sha256$390000$e5FitI8xJ2GSuaqSWPHqAJ$a4L0R7IutFXszDhErreEwhhCwobUf2+6HFvOD6kYPVk=", "first_name": "Bilal", "last_name": "Naseem", "username": "adminttu", "email": "academyedutree7@gmail.com", "phone_number": "", "role": 1, "date_joined": "2023-08-07T23:13:49.600Z", "last_login": "2023-08-16T23:16:25.106Z", "created_date": "2023-08-07T23:13:49.600Z", "modified_date": "2023-08-07T23:16:01.461Z", "is_admin": false, "is_staff": false, "is_active": true, "is_superadmin": false}}, {"model": "accounts.user", "pk": 13, "fields": {"password": "pbkdf2_sha256$390000$1948shm8dTf9DOptnGuTFs$Tm8KAA0D/unC3/c1OSvlVSKfU128SiacOxiOFGsaebE=", "first_name": "Second", "last_name": "User", "username": "second", "email": "secondrestaurant@gmail.com", "phone_number": "", "role": 1, "date_joined": "2023-08-12T19:55:25.737Z", "last_login": "2023-08-13T20:45:12.443Z", "created_date": "2023-08-12T19:55:25.737Z", "modified_date": "2023-08-12T19:55:57.333Z", "is_admin": false, "is_staff": false, "is_active": true, "is_superadmin": false}}, {"model": "accounts.user", "pk": 14, "fields": {"password": "pbkdf2_sha256$390000$PGOkKVrWp3zjpdOaaGKw6e$87ykzSf6pQZK1KfD1T80dOUgTVVsfX1nCKd0TU38FrI=", "first_name": "Third", "last_name": "User", "username": "Third", "email": "thirdrestaurant@gmail.com", "phone_number": "", "role": 1, "date_joined": "2023-08-12T19:58:41.425Z", "last_login": "2023-08-13T20:50:56.464Z", "created_date": "2023-08-12T19:58:41.425Z", "modified_date": "2023-08-12T19:59:09.577Z", "is_admin": false, "is_staff": false, "is_active": true, "is_superadmin": false}}, {"model": "accounts.user", "pk": 15, "fields": {"password": "pbkdf2_sha256$390000$TMdUwnU6b0u7xQpTdZ9RlS$bVYRqbhGHTqXYys0MmvBF9/xmMXcpQZ01K/YFpnrO+w=", "first_name": "Fourth", "last_name": "User", "username": "Fourth", "email": "fourthrestaurant@gmail.com", "phone_number": "", "role": 1, "date_joined": "2023-08-12T20:01:29.196Z", "last_login": "2023-08-13T21:01:38.499Z", "created_date": "2023-08-12T20:01:29.196Z", "modified_date": "2023-08-12T20:01:50.916Z", "is_admin": false, "is_staff": false, "is_active": true, "is_superadmin": false}}, {"model": "accounts.user", "pk": 17, "fields": {"password": "pbkdf2_sha256$390000$uJNQaYjgQ0Tc2W7lw0cOzA$evNl6d9QDzISw0EHatbNmFz3nF08uRjw/WJc2VcVt1A=", "first_name": "customer1", "last_name": "customer", "username": "customer1", "email": "customer1@gmail.com", "phone_number": "12345678913", "role": 2, "date_joined": "2023-08-14T16:32:47.297Z", "last_login": "2023-08-14T16:33:43.828Z", "created_date": "2023-08-14T16:32:47.297Z", "modified_date": "2023-08-14T16:42:40.452Z", "is_admin": false, "is_staff": false, "is_active": true, "is_superadmin": false}}, {"model": "accounts.userprofile", "pk": 1, "fields": {"user": 1, "profile_picture": "", "cover_photo": "", "address": null, "country": null, "state": null, "city": null, "pin_code": null, "latitude": null, "longitude": null, "location": null, "created_at": "2023-08-07T20:18:00.606Z", "modified_at": "2023-08-07T21:06:23.796Z"}}, {"model": "accounts.userprofile", "pk": 10, "fields": {"user": 10, "profile_picture": "users/profile_pictures/profile-picture-1.PNG", "cover_photo": "users/cover_photos/cover-photo-1.PNG", "address": "Malang jan restaurant G-9, G-9/1 G 9 Markaz G-9, Islamabad, Pakistan", "country": "Pakistan", "state": "Islamabad Capital Territory", "city": "Islamabad", "pin_code": "44000", "latitude": "33.6876775", "longitude": "73.0338865", "location": "SRID=4326;POINT (73.0338865 33.6876775)", "created_at": "2023-08-07T23:13:49.604Z", "modified_at": "2023-08-16T23:16:25.115Z"}}, {"model": "accounts.userprofile", "pk": 13, "fields": {"user": 13, "profile_picture": "users/profile_pictures/profile-picture-3.PNG", "cover_photo": "users/cover_photos/cover-photo-2.PNG", "address": "Savour Foods, Gorden College Road, Naya Mohalla, Rawalpindi, Pakistan", "country": "Pakistan", "state": "Punjab", "city": "Rawalpindi", "pin_code": "46000", "latitude": "33.610497", "longitude": "73.0624042", "location": "SRID=4326;POINT (73.0624042 33.610497)", "created_at": "2023-08-12T19:55:25.741Z", "modified_at": "2023-08-13T20:45:12.448Z"}}, {"model": "accounts.userprofile", "pk": 14, "fields": {"user": 14, "profile_picture": "users/profile_pictures/brand_pic3.jpg", "cover_photo": "users/cover_photos/cover-photo-3.PNG", "address": "KFC, Adam Jee Road, Saddar, RWP, Pakistan", "country": "Pakistan", "state": "Punjab", "city": "Rawalpindi", "pin_code": "46000", "latitude": "33.5940094", "longitude": "73.05615399999999", "location": "SRID=4326;POINT (73.05615399999999 33.5940094)", "created_at": "2023-08-12T19:58:41.428Z", "modified_at": "2023-08-13T20:50:56.470Z"}}, {"model": "accounts.userprofile", "pk": 15, "fields": {"user": 15, "profile_picture": "users/profile_pictures/profile-picture-4.PNG", "cover_photo": "users/cover_photos/cover-photo-4.PNG", "address": "Cheezious Saddar, Adam Jee Road, Saddar, Rawalpindi, Pakistan", "country": "Pakistan", "state": "Punjab", "city": "Rawalpindi", "pin_code": "46000", "latitude": "33.5965876", "longitude": "73.0530595", "location": "SRID=4326;POINT (73.0530595 33.5965876)", "created_at": "2023-08-12T20:01:29.199Z", "modified_at": "2023-08-13T21:01:38.513Z"}}, {"model": "accounts.userprofile", "pk": 17, "fields": {"user": 17, "profile_picture": "users/profile_pictures/avatar-01.jpeg", "cover_photo": "users/cover_photos/cover-photo-4_5vsENmb.PNG", "address": "Saddar, Rawalpindi, Pakistan", "country": "Pakistan", "state": "Punjab", "city": "Rawalpindi", "pin_code": "46000", "latitude": "33.5968788", "longitude": "73.0528412", "location": "SRID=4326;POINT (73.0528412 33.5968788)", "created_at": "2023-08-14T16:32:47.309Z", "modified_at": "2023-08-14T16:42:40.456Z"}}, {"model": "vendor.vendor", "pk": 1, "fields": {"user": 10, "user_profile": 10, "vendor_name": "Yasir Tikka", "vendor_slug": "yasir-tikka", "vendor_license": "vendor/license/WIN_20221101_17_34_14_Pro.jpg", "is_approved": true, "created_at": "2023-08-07T23:13:49.636Z", "modified_at": "2023-08-13T00:28:44.486Z"}}, {"model": "vendor.vendor", "pk": 3, "fields": {"user": 13, "user_profile": 13, "vendor_name": "Second Restaurant", "vendor_slug": "second-restaurant-13", "vendor_license": "vendor/license/burger-600x600.jpg", "is_approved": true, "created_at": "2023-08-12T19:55:25.761Z", "modified_at": "2023-08-12T20:28:25.832Z"}}, {"model": "vendor.vendor", "pk": 4, "fields": {"user": 14, "user_profile": 14, "vendor_name": "Third Restaurant", "vendor_slug": "third-restaurant-14", "vendor_license": "vendor/license/license-sample-image.jpg", "is_approved": true, "created_at": "2023-08-12T19:58:41.433Z", "modified_at": "2023-08-12T20:57:52.078Z"}}, {"model": "vendor.vendor", "pk": 5, "fields": {"user": 15, "user_profile": 15, "vendor_name": "Fourth Restaurant", "vendor_slug": "fourth-restaurant-15", "vendor_license": "vendor/license/license-sample-image_YYDMQSo.jpg", "is_approved": true, "created_at": "2023-08-12T20:01:29.206Z", "modified_at": "2023-08-12T22:22:30.298Z"}}, {"model": "vendor.openinghour", "pk": 1, "fields": {"vendor": 1, "day": 1, "from_hour": "08:00 AM", "to_hour": "05:00 PM", "is_closed": false}}, {"model": "vendor.openinghour", "pk": 2, "fields": {"vendor": 1, "day": 2, "from_hour": "08:00 AM", "to_hour": "05:00 PM", "is_closed": false}}, {"model": "vendor.openinghour", "pk": 3, "fields": {"vendor": 1, "day": 3, "from_hour": "08:00 AM", "to_hour": "05:00 PM", "is_closed": false}}, {"model": "vendor.openinghour", "pk": 4, "fields": {"vendor": 1, "day": 4, "from_hour": "08:00 AM", "to_hour": "05:00 PM", "is_closed": false}}, {"model": "vendor.openinghour", "pk": 5, "fields": {"vendor": 1, "day": 5, "from_hour": "09:00 AM", "to_hour": "04:00 PM", "is_closed": false}}, {"model": "vendor.openinghour", "pk": 6, "fields": {"vendor": 1, "day": 6, "from_hour": "08:00 AM", "to_hour": "05:00 PM", "is_closed": false}}, {"model": "vendor.openinghour", "pk": 7, "fields": {"vendor": 1, "day": 7, "from_hour": "", "to_hour": "", "is_closed": true}}, {"model": "vendor.openinghour", "pk": 8, "fields": {"vendor": 3, "day": 7, "from_hour": "", "to_hour": "", "is_closed": true}}, {"model": "vendor.openinghour", "pk": 9, "fields": {"vendor": 3, "day": 1, "from_hour": "09:00 AM", "to_hour": "08:00 PM", "is_closed": false}}, {"model": "vendor.openinghour", "pk": 10, "fields": {"vendor": 3, "day": 2, "from_hour": "09:00 AM", "to_hour": "08:00 PM", "is_closed": false}}, {"model": "vendor.openinghour", "pk": 11, "fields": {"vendor": 3, "day": 3, "from_hour": "09:00 AM", "to_hour": "08:00 PM", "is_closed": false}}, {"model": "vendor.openinghour", "pk": 12, "fields": {"vendor": 3, "day": 4, "from_hour": "09:00 AM", "to_hour": "08:00 PM", "is_closed": false}}, {"model": "vendor.openinghour", "pk": 13, "fields": {"vendor": 3, "day": 5, "from_hour": "", "to_hour": "", "is_closed": true}}, {"model": "vendor.openinghour", "pk": 14, "fields": {"vendor": 3, "day": 6, "from_hour": "09:00 AM", "to_hour": "08:00 PM", "is_closed": false}}, {"model": "vendor.openinghour", "pk": 15, "fields": {"vendor": 3, "day": 1, "from_hour": "01:00 AM", "to_hour": "07:00 AM", "is_closed": false}}, {"model": "vendor.openinghour", "pk": 16, "fields": {"vendor": 4, "day": 1, "from_hour": "10:00 AM", "to_hour": "12:00 AM", "is_closed": false}}, {"model": "vendor.openinghour", "pk": 17, "fields": {"vendor": 4, "day": 2, "from_hour": "10:00 AM", "to_hour": "12:00 AM", "is_closed": false}}, {"model": "vendor.openinghour", "pk": 18, "fields": {"vendor": 4, "day": 3, "from_hour": "10:00 AM", "to_hour": "12:00 AM", "is_closed": false}}, {"model": "vendor.openinghour", "pk": 19, "fields": {"vendor": 4, "day": 4, "from_hour": "10:00 AM", "to_hour": "12:00 AM", "is_closed": false}}, {"model": "vendor.openinghour", "pk": 20, "fields": {"vendor": 4, "day": 5, "from_hour": "", "to_hour": "", "is_closed": true}}, {"model": "vendor.openinghour", "pk": 21, "fields": {"vendor": 4, "day": 6, "from_hour": "10:00 AM", "to_hour": "12:00 AM", "is_closed": false}}, {"model": "vendor.openinghour", "pk": 22, "fields": {"vendor": 4, "day": 7, "from_hour": "10:00 AM", "to_hour": "12:00 AM", "is_closed": false}}, {"model": "vendor.openinghour", "pk": 38, "fields": {"vendor": 5, "day": 1, "from_hour": "12:00 AM", "to_hour": "08:00 AM", "is_closed": false}}, {"model": "vendor.openinghour", "pk": 39, "fields": {"vendor": 5, "day": 2, "from_hour": "12:00 AM", "to_hour": "08:00 AM", "is_closed": false}}, {"model": "vendor.openinghour", "pk": 40, "fields": {"vendor": 5, "day": 3, "from_hour": "12:00 AM", "to_hour": "08:00 AM", "is_closed": false}}, {"model": "vendor.openinghour", "pk": 41, "fields": {"vendor": 5, "day": 4, "from_hour": "12:00 AM", "to_hour": "08:00 AM", "is_closed": false}}, {"model": "vendor.openinghour", "pk": 42, "fields": {"vendor": 5, "day": 5, "from_hour": "12:00 AM", "to_hour": "08:00 AM", "is_closed": false}}, {"model": "vendor.openinghour", "pk": 43, "fields": {"vendor": 5, "day": 6, "from_hour": "", "to_hour": "", "is_closed": true}}, {"model": "vendor.openinghour", "pk": 44, "fields": {"vendor": 5, "day": 7, "from_hour": "", "to_hour": "", "is_closed": true}}, {"model": "menu.category", "pk": 1, "fields": {"vendor": 1, "category_name": "Burgers", "slug": "burgers", "description": "test1", "created_at": "2023-08-10T22:24:59.563Z", "updated_at": "2023-08-10T22:24:59.563Z"}}, {"model": "menu.category", "pk": 2, "fields": {"vendor": 1, "category_name": "Pizza", "slug": "pizza", "description": "Test category", "created_at": "2023-08-10T22:27:52.344Z", "updated_at": "2023-08-10T22:27:52.344Z"}}, {"model": "menu.category", "pk": 3, "fields": {"vendor": 1, "category_name": "Sea food", "slug": "sea-food", "description": "Category test2", "created_at": "2023-08-10T22:29:42.824Z", "updated_at": "2023-08-10T22:29:42.824Z"}}, {"model": "menu.category", "pk": 4, "fields": {"vendor": 1, "category_name": "Chicken", "slug": "chicken", "description": "Category chicken", "created_at": "2023-08-10T22:30:31.264Z", "updated_at": "2023-08-10T22:30:31.264Z"}}, {"model": "menu.category", "pk": 5, "fields": {"vendor": 3, "category_name": "Chicken", "slug": "chicken-5", "description": "very tasty chicken", "created_at": "2023-08-12T20:30:29.113Z", "updated_at": "2023-08-12T20:30:29.117Z"}}, {"model": "menu.category", "pk": 6, "fields": {"vendor": 3, "category_name": "Pizza", "slug": "pizza-6", "description": "delicious pizza", "created_at": "2023-08-12T20:30:50.074Z", "updated_at": "2023-08-12T20:30:50.078Z"}}, {"model": "menu.category", "pk": 7, "fields": {"vendor": 4, "category_name": "Burgers", "slug": "burgers-7", "description": "xyz", "created_at": "2023-08-12T20:59:15.845Z", "updated_at": "2023-08-12T20:59:15.847Z"}}, {"model": "menu.category", "pk": 8, "fields": {"vendor": 5, "category_name": "Pizza", "slug": "pizza-8", "description": "hgfhfgh fhfhfh fhfh", "created_at": "2023-08-12T21:08:33.859Z", "updated_at": "2023-08-12T21:08:33.861Z"}}, {"model": "menu.category", "pk": 9, "fields": {"vendor": 5, "category_name": "Rice", "slug": "rice-9", "description": "dgdgdg dgdgd \r\nfghfhfhf", "created_at": "2023-08-12T21:08:56.344Z", "updated_at": "2023-08-12T21:08:56.346Z"}}, {"model": "menu.fooditem", "pk": 1, "fields": {"vendor": 1, "category": 1, "food_title": "Burger One", "slug": "burger-one", "description": "test test test", "price": "50.00", "image": "foodimages/burger-600x600.jpg", "is_available": true, "created_at": "2023-08-10T22:54:30.091Z", "updated_at": "2023-08-10T22:54:30.091Z"}}, {"model": "menu.fooditem", "pk": 2, "fields": {"vendor": 1, "category": 2, "food_title": "Pizza One", "slug": "pizza-one", "description": "Pizza One testify", "price": "300.00", "image": "foodimages/pizza-600x600.jpg", "is_available": true, "created_at": "2023-08-10T22:59:39.496Z", "updated_at": "2023-08-10T22:59:39.496Z"}}, {"model": "menu.fooditem", "pk": 3, "fields": {"vendor": 1, "category": 2, "food_title": "Italian Pizza", "slug": "italian-pizza", "description": "Italian Pizza yummy", "price": "600.00", "image": "foodimages/italian-pizza-600x600.jpg", "is_available": true, "created_at": "2023-08-10T23:02:02.246Z", "updated_at": "2023-08-10T23:02:02.246Z"}}, {"model": "menu.fooditem", "pk": 4, "fields": {"vendor": 1, "category": 3, "food_title": "Sea Food One", "slug": "sea-food-one", "description": "Sea Food One Tasty Meal", "price": "200.00", "image": "foodimages/seafood-600x600.jpg", "is_available": true, "created_at": "2023-08-10T23:04:09.215Z", "updated_at": "2023-08-10T23:04:09.216Z"}}, {"model": "menu.fooditem", "pk": 5, "fields": {"vendor": 1, "category": 4, "food_title": "Fried Chiken", "slug": "fried-chiken", "description": "Fried Chiken Tasty", "price": "650.00", "image": "foodimages/Pan-Fried-Chicken-600x600.jpg", "is_available": true, "created_at": "2023-08-10T23:05:32.243Z", "updated_at": "2023-08-10T23:05:32.243Z"}}, {"model": "menu.fooditem", "pk": 6, "fields": {"vendor": 1, "category": 4, "food_title": "Barbecue Chiken", "slug": "barbecue-chiken", "description": "Barbecue Chiken tasty", "price": "240.00", "image": "foodimages/chicken-barbeque.jpg", "is_available": true, "created_at": "2023-08-10T23:07:12.637Z", "updated_at": "2023-08-10T23:07:12.637Z"}}, {"model": "menu.fooditem", "pk": 7, "fields": {"vendor": 3, "category": 5, "food_title": "Butter Chicken", "slug": "butter-chicken", "description": "tasty butter chicken", "price": "300.00", "image": "foodimages/Pan-Fried-Chicken-600x600_1.jpg", "is_available": true, "created_at": "2023-08-12T20:48:26.489Z", "updated_at": "2023-08-12T20:48:26.489Z"}}, {"model": "menu.fooditem", "pk": 8, "fields": {"vendor": 3, "category": 6, "food_title": "Pan Pizza", "slug": "pan-pizza", "description": "tasty pizza", "price": "400.00", "image": "foodimages/pizza-600x600_1.jpg", "is_available": true, "created_at": "2023-08-12T20:49:54.589Z", "updated_at": "2023-08-12T20:49:54.589Z"}}, {"model": "menu.fooditem", "pk": 9, "fields": {"vendor": 3, "category": 5, "food_title": "BBQ Chiken", "slug": "bbq-chiken", "description": "tasty tasty", "price": "500.00", "image": "foodimages/chicken-barbeque_1.jpg", "is_available": true, "created_at": "2023-08-12T20:52:46.625Z", "updated_at": "2023-08-12T20:52:46.625Z"}}, {"model": "menu.fooditem", "pk": 10, "fields": {"vendor": 4, "category": 7, "food_title": "King Burger", "slug": "king-burger", "description": "tasty king burger", "price": "400.00", "image": "foodimages/burger-600x600_1.jpg", "is_available": true, "created_at": "2023-08-12T21:01:23.308Z", "updated_at": "2023-08-12T21:01:23.308Z"}}, {"model": "menu.fooditem", "pk": 11, "fields": {"vendor": 4, "category": 7, "food_title": "Veg Burger", "slug": "veg-burger", "description": "zyfhf fhfh fhfhf", "price": "500.00", "image": "foodimages/burger-600x600_1_O1y1Id4.jpg", "is_available": true, "created_at": "2023-08-12T21:02:34.466Z", "updated_at": "2023-08-12T21:02:34.466Z"}}, {"model": "menu.fooditem", "pk": 12, "fields": {"vendor": 5, "category": 8, "food_title": "Chicken Pizza", "slug": "chicken-pizza", "description": "tfhhfh hhykh khkhk khiu", "price": "900.00", "image": "foodimages/pizza-600x600_1_9emsaSC.jpg", "is_available": true, "created_at": "2023-08-12T21:10:52.109Z", "updated_at": "2023-08-12T21:10:52.109Z"}}, {"model": "menu.fooditem", "pk": 13, "fields": {"vendor": 5, "category": 9, "food_title": "Steam Rice", "slug": "steam-rice", "description": "jgjgj fhfhfh fhfhfh", "price": "200.00", "image": "foodimages/steam-rice.jpg", "is_available": true, "created_at": "2023-08-12T21:11:44.722Z", "updated_at": "2023-08-12T21:11:44.722Z"}}, {"model": "menu.fooditem", "pk": 14, "fields": {"vendor": 5, "category": 9, "food_title": "Rice Bowl", "slug": "rice-bowl", "description": "vgfh fhfh fhfhfh", "price": "100.00", "image": "foodimages/steam-rice_TIXpUuB.jpg", "is_available": true, "created_at": "2023-08-12T21:13:03.874Z", "updated_at": "2023-08-12T21:13:03.874Z"}}, {"model": "marketplace.cart", "pk": 7, "fields": {"user": 15, "fooditem": 8, "quantity": 2, "created_at": "2023-08-13T23:49:48.529Z", "updated_at": "2023-08-13T23:50:05.423Z"}}, {"model": "marketplace.tax", "pk": 1, "fields": {"tax_type": "CGST", "tax_percentage": "9.00", "is_active": true}}, {"model": "marketplace.tax", "pk": 2, "fields": {"tax_type": "SGST", "tax_percentage": "7.00", "is_active": true}}, {"model": "orders.payment", "pk": 3, "fields": {"user": 17, "transaction_id": "3MD77897M2294325E", "payment_method": "PayPal", "amount": "2088.0", "status": "COMPLETED", "created_at": "2023-08-16T23:12:30.702Z"}}, {"model": "orders.order", "pk": 10, "fields": {"user": 17, "payment": 3, "order_number": "2023081704114710", "first_name": "customer1", "last_name": "customer", "phone": "12345678913", "email": "customer1@gmail.com", "address": "Saddar, Rawalpindi, Pakistan", "country": "Pakistan", "state": "Punjab", "city": "Rawalpindi", "pin_code": "46000", "total": 2088.0, "tax_data": "{\"CGST\": {\"9.00\": 162.00}, \"SGST\": {\"7.00\": 126.00}}", "total_data": "{\"3\": {\"800.00\": \"{'CGST': {'9.00': '72.00'}, 'SGST': {'7.00': '56.00'}}\"}, \"1\": {\"100.00\": \"{'CGST': {'9.00': '9.00'}, 'SGST': {'7.00': '7.00'}}\"}, \"5\": {\"900.00\": \"{'CGST': {'9.00': '81.00'}, 'SGST': {'7.00': '63.00'}}\"}}", "total_tax": 288.0, "payment_method": "PayPal", "status": "New", "is_ordered": true, "created_at": "2023-08-16T23:11:47.708Z", "updated_at": "2023-08-16T23:12:30.707Z", "vendors": [3, 5, 1]}}, {"model": "orders.orderedfood", "pk": 7, "fields": {"order": 10, "payment": 3, "user": 17, "fooditem": 7, "quantity": 1, "price": 300.0, "amount": 300.0, "created_at": "2023-08-16T23:12:30.716Z", "updated_at": "2023-08-16T23:12:30.716Z"}}, {"model": "orders.orderedfood", "pk": 8, "fields": {"order": 10, "payment": 3, "user": 17, "fooditem": 9, "quantity": 1, "price": 500.0, "amount": 500.0, "created_at": "2023-08-16T23:12:30.720Z", "updated_at": "2023-08-16T23:12:30.720Z"}}, {"model": "orders.orderedfood", "pk": 9, "fields": {"order": 10, "payment": 3, "user": 17, "fooditem": 1, "quantity": 2, "price": 50.0, "amount": 100.0, "created_at": "2023-08-16T23:12:30.721Z", "updated_at": "2023-08-16T23:12:30.721Z"}}, {"model": "orders.orderedfood", "pk": 10, "fields": {"order": 10, "payment": 3, "user": 17, "fooditem": 12, "quantity": 1, "price": 900.0, "amount": 900.0, "created_at": "2023-08-16T23:12:30.725Z", "updated_at": "2023-08-16T23:12:30.725Z"}}]